Variable,VIF,Flag
const,1.000935937478468,OK
D_ln_HSI_L1,1.0110418688613338,OK
D_ln_Vol_L1,1.001906192366043,OK
D_TIPS_L1,1.0100034113741314,OK
